num_rooms,num_people,housearea,is_ac,is_tv,is_flat,num_children,is_urban,amount_paid
3,3,742.57,1,1,1,2,0,61.87
1,5,952.99,0,1,0,1,1,69.9
3,1,761.44,1,1,1,0,0,56.5
0,5,861.32,1,1,0,0,0,36.76
1,8,731.61,0,1,0,2,1,72.66
0,5,837.24,0,1,1,2,1,87.56
4,5,679.04,0,1,0,1,1,62.96
3,4,1044.65,0,0,1,2,1,64.62
2,4,713.9,1,0,0,0,1,72.1
1,6,734.43,0,0,0,2,1,66.89
2,6,742.69,0,1,0,0,0,24.59
1,6,924.04,1,1,0,0,1,66.91
0,3,776.62,0,1,0,0,1,58.31
2,4,990.59,0,1,1,0,1,68.7
2,7,870.61,0,1,0,1,1,83.52
1,5,747.02,0,1,0,0,1,52.0
3,5,699.01,0,0,1,3,0,50.65
2,8,932.84,1,1,0,1,1,90.3
4,4,573.69,0,1,0,1,0,39.23
3,1,901.33,0,1,1,2,1,78.15
1,6,902.07,1,1,0,1,0,64.41
3,4,686.59,0,1,1,1,1,63.98
1,4,860.28,0,0,0,0,1,58.47
1,7,859.83,0,1,1,1,1,84.32
2,6,773.65,0,1,0,2,1,76.72
2,7,808.93,0,1,1,1,1,66.85
3,2,890.69,1,1,1,4,1,109.79
1,1,765.32,0,1,1,0,1,59.13
1,2,657.97,1,1,0,1,1,78.52
2,7,816.77,0,1,1,1,1,77.64
3,5,988.62,0,1,0,3,1,80.71
1,4,733.55,0,1,1,2,1,82.35
3,6,682.75,0,1,1,1,1,66.38
0,9,1009.31,1,1,0,2,0,78.99
2,7,764.79,1,1,1,0,1,86.33
2,6,643.52,0,1,0,1,1,58.98
2,5,554.38,0,0,1,0,0,34.5
3,5,823.05,0,1,0,0,1,67.54
1,4,640.25,0,1,0,0,1,60.97
4,5,689.76,1,0,0,0,0,38.59
2,5,813.69,0,1,1,1,1,67.62
1,3,821.69,1,1,0,1,1,81.36
3,3,664.68,1,0,1,2,1,96.44
2,3,1054.58,1,1,1,0,1,76.86
2,0,1042.81,0,0,1,0,0,26.37
3,5,929.46,0,1,1,1,1,65.35
1,4,673.08,1,0,1,2,0,72.64
1,5,713.62,0,1,1,1,1,76.62
2,5,704.72,1,1,1,2,1,102.24
1,4,794.74,0,0,0,1,1,68.75
2,4,829.78,1,1,1,2,1,111.59
1,4,953.19,1,1,1,1,1,90.03
1,5,585.55,0,0,1,3,0,62.39
5,6,633.97,1,0,1,0,0,49.4
3,5,820.54,0,1,0,0,1,64.0
3,3,750.39,0,1,0,3,0,62.35
2,2,672.37,1,1,1,1,1,88.68
2,4,685.43,0,1,0,0,1,50.11
3,2,662.29,0,1,0,2,0,47.24
1,6,725.53,0,1,0,3,0,61.78
1,0,878.69,0,1,1,2,1,90.69
3,7,898.5,1,1,0,2,1,107.82
3,7,893.27,0,1,0,1,1,76.43
3,7,533.3,0,1,1,0,1,72.56
1,8,518.49,1,1,0,0,1,74.63
3,7,794.89,1,1,0,2,0,74.05
2,8,711.53,0,0,0,1,0,33.95
2,6,1010.55,0,1,0,1,0,48.63
4,4,845.12,0,1,0,1,1,62.33
1,7,714.65,1,1,0,1,0,62.62
1,5,704.64,0,1,1,0,1,69.15
2,2,690.69,0,1,1,0,1,73.39
1,2,704.75,0,1,1,0,0,43.11
2,4,873.04,1,1,0,1,0,58.01
1,4,862.83,0,1,1,2,1,72.3
4,6,534.35,0,1,1,0,1,69.97
2,5,666.23,0,1,0,1,0,36.3
3,8,780.66,1,0,1,1,1,80.29
2,6,700.32,1,1,0,2,1,89.03
2,6,388.17,0,1,1,1,1,76.24
3,6,637.24,1,1,1,0,0,43.89
2,3,868.51,0,1,0,0,1,68.45
2,5,956.49,1,1,1,1,0,70.72
3,8,613.67,0,1,0,0,0,30.2
2,5,556.77,0,1,1,0,0,47.81
1,4,719.97,0,1,1,0,1,61.08
1,4,722.55,1,0,1,0,0,55.95
2,6,755.85,1,0,0,2,1,84.12
2,4,912.5,1,1,0,0,0,60.43
2,8,592.68,1,1,1,1,1,86.14
0,5,697.17,0,1,1,2,1,90.24
2,4,631.85,1,1,0,0,0,49.2
3,7,627.3,0,1,0,0,1,53.97
2,5,686.0,0,1,0,2,1,84.19
4,2,755.81,1,1,0,2,0,77.52
3,2,875.98,0,1,0,2,0,59.01
1,5,729.06,1,1,0,1,1,93.61
2,3,698.35,0,0,0,2,0,33.39
2,5,621.6,1,1,0,1,0,46.49
3,9,1123.53,0,1,1,0,1,61.81
3,5,486.17,0,1,0,0,0,21.91
3,10,810.5,0,1,1,1,1,90.0
2,6,750.76,1,1,0,2,1,87.16
2,4,1000.26,1,1,1,0,0,46.9
0,8,758.0,1,1,0,0,0,48.54
2,3,700.37,0,1,1,3,1,92.35
3,5,674.38,0,1,0,0,1,54.22
2,4,1021.58,0,1,1,2,0,46.92
3,4,773.05,0,1,0,0,1,49.82
2,8,969.13,1,1,0,1,0,48.52
1,7,580.33,0,1,0,1,0,52.1
1,4,751.24,0,1,1,2,1,92.19
1,9,835.06,0,1,1,2,1,83.4
1,2,984.48,1,1,1,2,1,92.75
1,6,900.96,0,1,0,1,1,72.15
2,4,701.95,0,1,1,2,1,91.43
1,6,719.2,0,1,0,1,1,59.81
2,4,742.02,1,1,0,1,0,66.6
2,3,776.74,1,1,1,1,1,93.16
3,2,651.79,0,1,0,0,1,56.34
2,6,824.89,1,1,1,0,1,73.89
0,2,638.39,0,1,0,2,1,74.56
2,5,1076.14,0,1,1,2,0,61.64
3,7,579.55,1,1,1,0,0,50.52
2,4,777.33,0,1,0,1,1,77.74
2,0,549.85,0,0,0,2,1,67.47
1,6,764.09,1,0,1,2,0,66.81
2,6,879.51,1,1,1,0,0,46.64
2,6,671.88,0,0,1,1,1,62.2
2,7,887.91,1,1,0,0,1,80.01
3,4,699.8,0,1,1,0,1,54.45
1,6,850.87,1,1,0,0,1,72.0
1,11,946.74,0,1,1,2,1,80.59
3,7,549.72,0,1,1,1,0,61.46
0,5,755.03,0,1,0,1,0,28.91
2,6,828.63,1,1,1,2,1,92.32
1,5,323.95,0,1,0,1,1,55.79
3,6,683.29,0,1,1,1,0,56.07
2,5,557.23,0,0,0,0,0,21.75
2,4,683.02,1,1,1,1,0,66.9
4,4,840.2,1,1,0,0,1,72.11
1,8,970.75,0,1,0,0,0,40.62
3,2,929.79,1,0,1,2,0,72.3
1,5,692.13,0,1,0,2,0,54.1
1,1,878.83,0,1,0,1,0,41.03
3,7,572.78,1,1,1,1,0,56.73
2,4,840.06,0,1,1,2,1,86.08
2,2,765.99,0,1,0,2,0,51.93
2,6,627.91,1,1,1,3,0,90.91
3,6,884.14,1,1,1,0,0,67.72
3,6,776.99,1,1,0,1,0,57.09
2,8,567.36,1,1,1,1,1,98.97
1,5,870.71,0,1,1,3,1,89.64
2,4,1177.7,1,1,1,3,1,108.64
1,5,950.5,0,1,1,0,0,45.78
1,2,817.61,0,1,0,1,1,68.66
1,7,658.86,0,1,1,1,0,58.96
3,7,764.33,0,1,1,2,0,62.96
3,2,1005.38,1,1,1,1,1,83.3
1,3,968.28,0,1,0,2,1,89.97
2,3,800.96,0,1,0,2,0,50.26
2,3,564.17,1,1,1,0,1,67.34
1,5,752.39,0,1,1,1,1,65.06
2,4,771.59,0,1,1,1,1,66.42
2,4,1069.32,0,1,0,1,1,75.8
3,5,836.5,0,1,1,2,1,95.17
3,5,934.82,0,1,0,0,1,65.54
2,3,760.75,0,1,0,3,0,60.22
1,7,665.07,0,1,0,1,1,63.61
1,4,704.72,0,0,0,1,1,55.28
4,0,1058.32,1,0,0,4,0,66.11
2,4,883.45,0,0,0,2,0,41.11
1,6,626.75,0,1,0,3,0,50.53
2,5,635.28,0,1,0,1,1,62.62
1,5,574.3,0,1,0,0,1,47.38
1,3,813.06,1,1,1,2,1,100.32
2,7,911.98,0,1,0,2,1,87.73
2,4,880.15,0,1,0,2,1,68.09
2,7,931.86,0,1,0,0,1,63.49
2,6,809.69,0,1,0,1,0,34.37
2,3,786.46,0,1,0,3,0,51.6
0,8,801.48,1,1,0,2,1,106.0
1,4,748.04,1,1,1,0,0,42.17
1,5,670.5,1,0,1,2,0,58.35
2,6,548.96,0,1,0,2,0,53.62
2,5,569.94,0,0,1,1,1,62.14
2,3,731.05,0,1,1,1,0,52.93
1,4,1035.94,1,1,0,1,1,90.7
1,1,799.66,0,0,0,1,0,30.6
2,5,843.85,0,1,0,0,0,33.89
2,6,928.7,0,1,1,1,1,87.51
2,9,856.5,0,1,0,1,1,59.57
1,5,767.79,0,1,0,0,0,20.25
2,7,996.66,1,1,0,0,1,68.3
4,8,795.46,1,0,0,1,1,84.89
4,9,678.47,0,0,0,2,1,78.03
2,8,861.31,1,1,0,1,0,70.66
3,5,819.68,1,0,0,0,1,64.7
0,3,766.53,0,1,1,1,0,33.16
4,2,834.13,1,1,0,0,0,50.01
3,0,618.91,1,1,0,0,1,78.27
1,4,942.95,0,0,0,1,1,71.85
1,6,1002.71,0,1,1,2,0,46.45
2,8,834.85,0,1,1,0,0,33.43
2,7,868.06,1,0,0,0,1,60.91
1,5,684.37,1,0,1,0,1,63.01
1,4,691.12,1,1,0,0,1,77.05
4,4,801.12,0,1,0,2,1,66.93
2,7,825.89,0,1,0,0,1,59.06
0,5,606.3,1,1,1,1,0,61.67
2,7,1046.44,0,1,1,1,1,69.61
1,3,550.83,0,1,0,2,1,64.73
2,2,670.35,0,1,1,2,1,73.85
2,3,800.93,1,1,1,0,1,82.4
2,6,881.87,1,1,0,0,1,79.49
3,5,772.83,0,1,1,0,1,72.66
1,3,730.49,0,0,0,1,1,60.66
0,4,844.57,1,1,0,1,1,97.23
4,2,737.62,1,1,1,3,1,112.46
2,6,643.98,0,0,1,0,1,50.5
1,5,587.1,0,0,1,1,1,58.64
3,9,681.31,0,0,1,1,0,40.11
0,4,857.96,0,1,0,0,0,33.13
3,6,792.56,0,1,0,2,1,89.72
1,3,938.51,1,1,0,2,0,54.65
3,6,865.67,0,1,1,0,0,43.45
3,5,1087.35,0,1,0,1,1,73.13
3,8,669.97,0,1,0,1,1,61.09
1,5,635.28,0,1,1,1,0,53.19
1,4,608.51,0,1,0,2,1,85.76
2,9,937.63,0,1,1,2,1,92.29
2,5,904.92,1,1,0,0,1,78.44
1,7,788.73,0,1,1,0,1,74.72
2,1,939.97,0,0,1,1,0,42.75
1,6,895.91,0,0,0,1,0,24.53
2,4,690.85,1,1,1,0,1,89.85
1,5,888.32,0,1,1,1,1,66.57
2,4,549.95,0,1,0,1,1,66.89
0,5,1046.68,1,0,1,1,1,88.49
4,4,869.29,0,1,0,1,1,58.96
3,3,927.71,0,1,1,0,1,64.17
2,3,1102.5,0,1,1,1,0,45.16
1,5,1031.06,1,1,0,3,1,117.73
3,3,769.77,0,1,0,2,0,59.25
1,5,658.94,0,1,1,2,1,90.38
3,4,660.55,0,1,1,0,1,68.04
2,7,664.49,1,1,0,1,0,65.13
1,6,701.3,0,1,0,0,0,27.7
2,5,963.07,0,1,0,2,0,54.53
3,5,993.23,0,1,0,1,1,83.01
2,7,974.28,1,0,1,0,1,69.64
2,3,731.11,0,1,1,0,0,27.07
4,1,862.33,0,1,0,1,0,30.12
1,2,708.64,1,1,0,1,0,62.04
1,5,612.54,0,0,1,2,0,48.8
1,7,840.81,0,0,0,0,0,25.0
1,2,680.57,1,1,1,0,1,68.2
2,8,790.51,1,1,0,1,1,99.94
0,6,979.89,1,1,0,3,1,100.96
2,4,972.95,0,1,1,3,1,91.54
3,2,676.98,0,1,0,2,1,78.54
2,3,581.22,0,1,0,1,1,63.22
3,5,1166.71,1,1,1,1,1,102.29
2,2,924.17,0,1,0,0,0,30.88
2,4,996.35,1,1,1,1,0,63.05
3,6,1097.89,0,1,1,2,1,78.29
2,6,548.8,0,1,0,2,0,60.04
3,7,981.26,0,1,1,3,1,86.49
0,4,904.53,1,1,1,0,0,64.38
2,4,835.05,1,1,1,0,1,87.71
3,6,786.93,0,1,1,0,1,62.77
0,4,1185.36,0,1,1,0,1,73.09
2,4,534.15,1,1,0,1,1,75.32
2,6,700.94,1,1,0,0,1,74.96
2,6,662.82,0,1,1,2,1,72.46
2,7,860.15,0,1,0,2,0,56.19
4,7,709.59,0,1,1,1,0,38.72
0,9,843.85,0,0,1,1,1,63.72
1,6,948.47,0,1,0,2,0,52.34
2,6,750.79,0,1,1,3,1,98.04
3,3,571.3,0,1,0,0,0,32.53
3,5,942.5,1,0,1,0,0,44.23
2,1,560.7,1,1,0,1,0,50.43
1,6,701.89,0,1,1,0,0,40.4
3,5,1074.9,0,0,1,1,0,34.14
1,7,892.85,0,1,1,1,0,41.27
1,8,848.04,0,1,1,1,1,76.89
2,4,749.44,0,1,1,2,0,53.33
3,7,754.59,1,1,0,1,0,57.71
1,4,821.37,0,0,1,0,1,51.16
3,7,916.95,0,1,1,2,1,86.4
2,6,898.26,1,1,1,0,0,57.9
2,5,593.12,1,1,1,1,1,86.2
3,2,752.36,0,1,1,3,0,67.23
1,3,757.73,1,1,0,2,1,101.05
4,8,635.78,0,1,1,0,0,47.72
3,6,676.79,0,0,1,1,1,64.38
3,7,827.01,0,1,1,0,0,47.71
2,7,606.43,1,1,0,2,1,93.87
0,1,557.07,1,1,1,1,1,88.32
1,4,942.08,0,1,1,1,1,68.0
1,6,833.6,0,1,0,0,1,60.48
2,8,813.67,1,1,1,2,0,68.62
2,6,361.13,0,0,1,1,0,48.77
2,5,711.94,0,1,1,1,0,46.19
1,7,696.3,0,1,0,1,1,58.78
2,6,599.88,0,1,1,0,1,54.54
1,7,661.46,0,1,1,1,0,49.04
3,6,704.81,0,1,0,0,0,20.91
2,4,828.85,0,1,0,2,0,42.23
2,7,915.66,0,1,0,0,1,48.21
0,4,906.78,0,1,0,2,1,87.61
3,4,916.19,1,1,0,2,1,107.25
3,8,631.54,0,1,1,1,1,83.46
1,4,802.95,0,1,0,1,0,45.29
2,1,597.39,1,1,0,1,1,84.89
3,9,744.67,1,1,1,1,1,87.03
0,2,840.99,1,1,1,2,0,73.27
1,6,1066.39,1,0,1,1,1,82.65
3,5,820.39,0,1,1,2,1,86.9
3,7,824.91,1,0,0,3,1,102.77
0,2,702.84,0,0,1,0,1,52.43
2,2,653.43,1,0,1,1,1,84.88
2,5,663.28,0,1,1,1,1,71.8
0,5,780.22,0,1,1,2,1,90.33
2,6,911.58,1,0,1,1,0,52.44
2,5,244.4,1,0,1,2,1,94.78
2,5,674.53,0,1,0,0,0,18.03
3,5,1019.52,1,1,1,1,1,83.95
1,1,515.34,0,1,1,0,1,50.79
1,5,584.85,0,0,0,0,1,48.66
4,7,900.39,1,1,0,1,1,97.53
4,6,829.15,1,1,0,2,1,91.97
2,4,814.28,0,1,0,1,0,46.23
1,8,895.34,1,1,0,1,0,58.8
2,6,911.72,1,1,1,0,1,93.38
4,7,770.68,1,0,0,0,1,78.83
1,3,824.05,0,1,0,3,1,86.55
5,3,750.58,0,0,0,0,1,48.52
1,9,835.59,0,1,0,0,1,64.03
1,2,791.78,1,1,0,2,1,97.42
3,5,879.29,1,1,0,3,0,82.66
0,4,1116.41,0,1,1,3,0,64.64
2,3,698.84,0,0,0,1,1,48.81
2,5,842.02,0,1,1,2,1,92.48
2,6,787.1,0,1,1,4,0,88.69
4,3,720.31,1,0,1,2,1,93.74
3,5,773.66,1,0,1,0,1,85.05
2,2,1075.89,0,0,1,0,0,39.49
2,4,772.33,0,0,0,2,1,58.68
2,5,662.58,0,1,1,1,1,86.43
1,8,843.47,1,1,1,0,1,85.06
3,6,551.32,0,1,0,1,0,40.98
1,5,831.82,1,1,1,0,0,52.09
1,4,870.57,0,1,0,1,1,56.96
2,7,786.06,0,1,0,2,1,72.44
2,9,759.64,1,1,1,1,0,70.19
2,6,520.46,0,1,0,3,1,96.94
2,7,811.63,0,1,1,2,1,77.29
2,5,974.83,1,1,0,2,1,107.77
1,5,836.06,1,0,0,0,0,27.94
1,5,812.24,1,1,1,0,1,87.83
1,8,1055.17,1,1,0,1,0,59.7
3,11,555.62,0,0,1,0,1,53.13
2,10,1064.73,0,1,1,1,0,50.31
2,5,771.82,0,1,1,2,1,97.05
1,6,801.99,0,1,1,1,0,35.97
3,6,730.36,0,1,1,1,1,82.15
2,6,753.22,1,1,0,0,1,66.3
1,4,877.23,0,1,1,1,1,77.38
4,5,762.6,0,0,1,0,0,37.27
2,5,778.5,0,1,0,2,0,54.4
3,7,725.84,0,1,1,2,0,54.92
2,1,661.54,1,1,1,0,1,82.47
2,4,504.24,0,1,0,1,0,29.24
2,4,825.94,1,0,1,2,0,54.37
1,3,634.29,1,1,0,0,1,67.66
2,2,736.14,1,1,1,0,0,57.03
3,1,851.93,0,0,0,1,1,62.59
1,7,528.29,1,1,1,0,1,84.29
2,4,586.48,0,1,1,0,1,68.52
0,6,620.29,1,0,0,1,1,82.56
1,8,957.95,0,1,0,2,1,87.81
2,5,583.22,1,1,0,1,0,67.31
3,7,729.7,1,1,0,0,1,73.84
2,10,606.2,1,1,1,1,0,59.62
3,7,601.03,0,1,1,1,1,78.27
1,7,935.01,0,1,1,2,0,66.12
2,8,652.2,1,0,0,3,0,58.54
3,4,743.58,0,1,1,0,1,55.63
1,6,889.06,0,1,1,1,0,34.09
4,6,681.32,1,1,0,1,1,96.62
0,6,949.59,0,0,0,3,0,56.2
2,7,509.38,0,1,0,0,1,72.29
2,6,888.47,1,1,0,2,0,65.35
2,9,747.74,0,1,0,2,0,41.11
2,7,770.67,0,1,0,3,1,80.32
3,5,634.83,1,1,1,3,0,85.41
2,8,605.21,0,0,1,2,1,75.16
3,4,695.24,0,1,0,0,1,66.06
1,2,694.55,0,1,1,1,1,82.75
3,5,798.92,1,1,1,2,1,93.18
1,5,595.7,1,0,0,1,1,77.85
2,7,957.28,1,1,0,0,0,39.4
3,5,845.62,1,0,1,1,0,51.25
4,8,765.55,0,1,1,0,1,73.29
2,3,1063.48,0,1,0,1,1,72.74
1,6,950.08,0,1,1,2,0,58.69
1,4,733.47,0,1,0,2,1,68.02
1,5,889.54,0,1,1,2,0,42.89
2,6,931.66,1,0,1,1,0,68.22
1,9,879.67,0,1,0,1,0,36.38
1,2,768.1,0,0,0,2,1,72.64
3,6,891.78,1,1,0,1,0,55.9
2,5,742.32,1,1,1,1,1,99.86
1,1,965.07,0,1,1,2,0,43.78
0,6,686.45,1,1,0,1,0,71.22
1,5,961.91,1,1,0,0,0,51.04
2,5,1069.87,1,1,1,0,1,82.6
3,8,867.34,1,1,1,1,0,59.76
3,5,686.58,0,1,0,0,0,23.32
2,4,1015.45,0,1,0,1,1,62.77
1,2,669.69,1,1,1,0,0,39.8
2,3,626.42,1,1,1,0,1,79.19
1,3,1072.0,1,1,1,0,1,89.49
2,4,865.04,1,1,1,0,1,75.86
1,4,688.98,0,1,1,2,1,91.61
1,5,785.52,0,1,1,0,1,68.46
2,0,797.67,1,1,1,2,0,81.47
4,4,846.15,0,1,0,0,1,53.38
2,4,773.2,0,1,0,1,1,75.39
2,9,998.93,0,1,1,0,1,62.65
4,5,868.58,0,1,0,2,0,42.59
2,7,751.99,0,1,1,1,0,39.39
2,2,666.58,1,1,1,1,0,58.54
2,5,901.61,1,1,1,1,1,101.64
2,4,902.76,0,1,0,1,1,65.06
2,2,796.83,0,0,1,0,1,65.84
3,5,642.72,0,1,0,0,0,19.65
2,4,832.37,0,1,1,2,0,58.45
2,5,988.29,1,1,1,2,1,116.27
1,6,682.29,1,1,1,0,0,54.98
2,4,838.84,1,1,1,3,1,112.87
1,5,890.73,0,1,1,3,1,88.93
2,2,752.77,0,1,1,0,0,35.26
3,4,748.97,0,0,0,2,1,63.94
1,9,572.76,1,1,1,3,1,109.53
2,4,936.44,1,1,0,3,1,110.64
2,5,943.71,0,0,0,2,0,31.64
0,5,868.52,0,1,1,0,0,25.27
2,4,885.58,0,0,0,1,0,31.63
1,3,519.84,0,1,1,0,0,34.58
2,3,958.46,0,1,1,2,1,97.03
1,6,699.62,1,1,1,0,1,75.59
3,6,709.33,0,1,0,0,0,39.52
2,1,835.9,0,1,1,0,0,38.51
0,5,669.56,0,0,1,1,0,46.08
1,7,1090.44,0,0,0,1,1,75.82
1,8,535.6,1,1,1,0,0,64.36
3,7,771.06,1,1,1,0,0,52.48
2,4,1147.92,0,1,0,1,1,65.43
2,7,938.86,1,1,0,2,1,105.12
2,5,947.73,0,1,0,1,0,40.85
3,6,848.71,0,1,0,0,1,47.98
3,6,958.96,0,1,0,2,1,70.8
2,4,687.94,0,1,1,1,0,44.21
3,5,811.93,0,1,1,0,0,32.46
1,3,988.94,0,1,1,1,1,64.79
2,3,703.79,0,1,0,0,1,48.28
4,3,534.57,1,1,1,2,0,77.72
3,4,878.4,0,1,0,1,1,66.46
1,2,795.15,0,1,1,1,1,83.04
3,6,693.03,1,1,1,2,1,103.1
2,1,984.8,0,1,0,2,1,75.88
0,5,591.87,0,1,1,1,1,66.15
0,6,803.83,0,1,0,2,1,66.92
4,5,627.4,1,1,1,1,1,81.56
4,5,695.95,1,1,1,2,1,106.16
0,3,698.83,0,0,0,0,0,10.77
2,4,1106.99,0,1,0,1,1,64.89
1,5,702.04,0,0,0,1,1,53.71
3,6,695.68,0,0,1,0,0,19.41
0,5,806.5,1,1,0,0,0,49.7
2,4,1111.85,1,1,1,1,1,94.05
1,3,966.98,1,1,0,0,0,56.87
3,7,696.91,0,0,1,1,0,43.41
3,3,720.13,1,0,1,2,0,78.1
1,5,793.79,1,1,0,1,1,96.51
2,2,830.26,0,1,0,1,1,67.5
5,5,1016.56,0,1,0,1,1,70.67
3,5,775.72,0,1,0,3,1,82.98
1,2,977.21,1,1,1,0,1,73.58
3,1,642.96,0,1,1,0,1,72.87
2,6,792.67,1,0,0,1,1,70.32
3,3,723.66,1,1,0,2,1,94.82
2,5,690.67,1,1,1,1,1,96.19
1,5,903.23,1,1,0,1,1,84.53
3,8,684.81,1,1,0,1,0,67.15
2,3,1004.21,0,0,0,0,0,18.43
0,2,795.29,1,1,0,2,0,74.16
3,3,835.89,1,1,1,2,0,73.79
3,3,786.47,0,0,0,1,1,52.43
3,1,714.14,1,1,0,0,1,68.09
3,7,699.63,1,1,0,2,1,98.76
3,7,1130.5,0,1,0,1,0,46.78
1,5,929.73,1,1,1,0,0,55.48
1,9,834.03,1,0,1,1,1,90.59
2,6,674.74,1,1,0,1,0,53.75
2,6,733.45,0,0,1,1,1,78.83
0,1,974.21,0,1,1,1,0,49.39
3,4,941.85,1,1,1,2,0,72.67
3,5,732.97,0,1,1,1,1,72.07
1,4,663.37,0,1,0,1,0,43.44
0,4,699.81,0,0,1,1,1,75.94
2,2,1136.0,1,0,0,1,0,60.8
4,4,1041.18,0,1,0,0,1,50.94
3,5,773.02,0,0,1,2,0,41.8
3,5,1084.52,1,1,0,1,0,50.36
1,5,790.71,0,1,1,0,0,40.11
4,4,516.43,1,1,0,1,0,51.59
3,6,1057.52,1,1,0,1,0,58.03
2,2,760.93,0,1,0,1,1,64.4
2,8,807.56,1,1,0,0,1,78.46
2,3,1034.6,0,1,0,0,1,51.28
2,5,861.43,0,0,1,0,1,55.04
1,5,900.45,1,0,0,1,1,77.46
0,6,737.19,0,1,1,3,1,95.16
2,4,854.11,0,1,0,1,1,61.41
1,3,786.13,0,1,0,1,1,58.11
2,5,547.37,1,1,1,1,0,72.06
2,3,752.63,0,1,1,2,0,57.83
2,4,699.42,0,1,0,0,1,52.18
1,4,705.27,0,0,1,1,1,72.31
2,5,924.54,0,1,0,2,0,50.64
2,6,862.53,0,1,1,1,0,47.53
2,7,687.45,0,1,1,0,1,61.68
0,5,928.69,0,1,0,0,1,68.95
2,8,1018.86,1,1,1,2,1,106.15
3,7,786.75,0,1,1,1,1,78.0
1,2,924.05,1,0,1,1,0,59.61
3,5,579.46,1,1,0,0,1,75.36
3,5,831.08,0,1,0,1,0,47.3
2,4,717.39,1,1,1,1,0,52.23
3,4,640.71,1,1,0,1,0,63.24
4,6,691.92,1,0,1,1,1,82.32
1,4,893.34,0,0,1,1,0,47.94
1,7,904.79,1,1,0,0,1,87.61
1,5,699.25,1,1,0,2,1,103.9
3,7,643.43,1,1,0,0,1,82.7
2,9,1113.99,1,1,0,2,0,67.25
1,5,735.06,0,1,0,0,0,39.41
1,3,808.19,0,1,0,0,1,56.18
1,4,755.02,0,1,1,2,1,76.93
0,2,764.65,1,1,0,1,1,92.62
1,5,571.11,0,1,1,2,0,61.95
1,6,986.3,0,1,1,0,0,48.0
2,5,726.25,1,1,0,0,1,87.32
0,9,856.15,0,1,0,1,1,61.3
3,8,698.03,0,0,0,0,1,59.58
1,5,846.64,1,1,1,2,1,106.24
3,4,679.48,0,1,0,2,1,85.63
3,1,767.12,1,1,0,1,0,56.43
3,5,650.6,0,1,0,0,1,59.94
3,5,758.62,0,1,0,1,0,31.14
2,6,849.08,0,1,1,2,0,60.88
2,4,784.79,0,1,1,2,1,78.3
3,6,733.48,0,1,0,1,0,31.98
4,8,607.15,1,1,1,1,1,97.65
2,7,652.57,0,1,0,1,1,72.87
3,2,695.3,0,1,0,0,1,59.06
1,5,874.65,1,1,1,1,1,90.9
2,4,717.42,0,0,0,2,1,65.7
1,4,778.09,0,1,0,1,1,75.6
2,7,932.1,0,1,1,2,0,55.12
1,4,622.28,0,0,0,1,0,38.07
2,4,755.57,0,1,1,1,1,74.98
1,5,869.58,0,1,1,0,1,60.18
1,4,630.91,0,0,1,0,1,55.35
1,5,761.19,1,0,1,1,1,95.98
1,3,886.07,0,1,1,1,0,49.49
3,7,867.73,0,1,0,0,0,29.42
1,4,883.64,1,1,1,1,1,85.2
4,5,870.48,0,1,1,0,0,44.32
2,5,1024.0,1,1,0,1,1,88.18
2,5,716.73,0,1,1,1,0,39.73
2,6,578.78,0,1,0,2,1,76.3
1,5,602.68,0,0,1,1,0,40.29
0,6,892.43,1,1,1,1,1,80.29
3,5,1064.88,1,1,1,0,1,84.67
0,4,963.1,1,1,0,3,1,108.91
1,5,824.09,0,1,1,0,1,65.08
1,5,1032.83,1,1,1,1,1,86.93
3,4,675.74,1,1,0,1,1,95.95
1,3,956.4,1,1,0,2,0,55.86
2,9,835.64,0,1,0,0,1,53.89
1,5,689.15,0,1,1,2,1,92.84
2,5,875.28,0,1,0,2,1,77.25
3,2,750.75,0,1,1,1,1,65.37
3,6,751.4,0,0,1,2,1,88.95
2,2,852.38,0,1,0,2,0,43.69
1,4,677.17,0,0,0,2,1,63.21
3,3,1027.08,0,0,0,1,0,24.07
2,1,967.37,0,1,0,2,1,74.19
1,4,688.61,1,1,0,0,1,84.33
3,6,770.58,0,0,0,1,1,68.3
0,3,649.56,1,1,0,0,1,72.08
2,4,811.69,0,1,1,2,0,55.1
2,4,766.01,1,1,1,0,1,80.56
4,6,893.72,0,1,1,0,0,41.55
2,5,750.74,0,1,0,1,1,62.58
1,5,841.03,1,1,0,3,0,88.21
2,4,1015.02,0,1,0,0,1,61.18
2,8,825.89,1,1,0,0,1,83.31
2,5,753.92,0,1,1,1,1,75.88
0,7,703.67,0,1,1,1,1,75.81
3,8,711.82,0,1,1,1,1,74.88
4,3,732.57,0,0,1,0,1,61.84
3,2,864.51,0,1,1,0,1,53.07
3,4,724.01,0,0,0,1,1,57.08
3,0,747.69,0,1,1,2,1,83.7
4,5,757.58,0,1,0,3,1,78.95
2,6,669.82,1,1,1,1,1,91.29
2,4,511.18,0,0,1,0,1,45.58
1,5,390.65,1,1,1,3,1,108.62
3,6,665.16,1,1,0,1,1,81.51
2,7,944.15,0,1,0,1,1,67.42
1,3,443.63,0,1,1,1,1,78.99
1,2,684.1,1,1,0,1,0,55.71
2,8,682.47,0,1,0,1,1,59.21
3,2,729.58,0,1,1,3,1,103.21
2,4,1033.89,0,1,1,1,1,81.01
1,5,525.89,0,1,0,1,0,38.38
0,8,696.99,0,1,1,0,0,35.58
3,3,761.02,0,0,1,1,1,57.47
2,7,746.7,0,1,0,0,0,33.16
1,6,694.81,0,1,1,2,0,62.55
2,6,761.41,1,0,1,1,0,46.13
3,0,724.04,1,1,0,1,1,88.84
4,5,545.39,1,1,0,0,0,38.99
4,6,835.63,0,1,0,2,1,79.28
1,2,1004.55,0,1,1,1,0,39.88
3,3,776.97,0,0,1,2,1,65.53
4,9,770.0,0,1,1,0,1,68.65
1,4,834.24,0,1,1,1,1,85.65
0,5,543.82,0,1,0,2,0,52.53
2,4,863.94,0,1,1,3,1,101.83
1,9,1040.6,0,1,1,0,0,49.28
2,4,989.18,0,0,1,0,1,66.8
3,5,615.59,1,0,1,1,0,55.69
1,4,706.03,1,1,0,2,0,69.56
3,8,867.52,1,1,1,0,0,64.43
4,4,724.42,1,1,1,1,1,96.01
3,6,771.15,0,1,0,2,0,39.97
1,2,883.09,1,1,1,1,1,93.05
2,6,874.2,0,0,0,1,0,43.81
2,7,889.54,1,1,0,0,0,46.0
1,3,644.34,0,1,0,1,0,38.56
3,6,723.02,0,0,1,0,0,26.93
3,0,673.71,0,1,1,0,1,56.37
3,7,832.49,0,1,0,1,0,40.51
1,6,896.52,1,1,1,0,1,84.87
3,1,773.71,0,0,1,0,1,44.74
2,2,872.1,0,1,1,2,1,76.77
4,4,751.46,0,1,0,2,1,79.57
3,3,1118.29,0,1,0,1,1,66.89
3,3,1007.11,1,1,0,1,1,86.02
2,4,680.77,0,1,0,1,1,57.39
1,7,804.29,0,1,0,1,1,79.54
2,9,996.07,1,1,0,3,0,82.23
2,2,767.13,1,1,1,1,0,60.94
3,5,1189.12,0,1,0,0,1,52.3
3,8,998.26,0,1,0,1,1,79.21
2,4,890.88,1,1,0,1,0,54.18
2,3,541.84,0,1,0,2,1,82.6
2,4,871.99,0,0,1,1,0,43.86
1,6,537.8,1,0,1,4,1,119.62
1,5,813.13,0,1,0,2,1,70.74
2,7,842.86,0,1,1,1,1,66.46
2,3,971.81,1,1,1,3,0,90.72
0,3,872.07,0,1,0,2,1,70.79
1,6,769.82,0,1,0,0,1,61.53
3,8,640.76,1,1,0,0,1,82.6
1,6,1129.49,0,1,0,3,1,95.16
1,6,523.18,0,1,1,0,1,52.32
2,5,842.97,0,1,0,3,1,89.02
1,4,605.37,0,0,0,1,0,37.87
1,6,889.07,0,1,0,0,0,33.91
2,7,1002.39,1,1,1,2,1,102.7
3,10,875.56,0,0,1,1,1,75.35
2,5,633.56,1,1,1,0,0,61.12
1,7,691.1,1,1,0,1,1,94.43
2,5,806.86,0,1,0,3,1,88.35
1,5,853.32,1,1,1,2,1,106.98
2,2,700.66,0,1,0,0,1,61.12
2,4,984.69,0,0,0,0,1,43.36
3,6,679.75,1,0,0,3,1,97.92
1,6,865.22,1,1,1,0,0,64.52
1,4,840.52,0,0,0,2,1,70.95
1,4,613.78,0,1,0,2,1,70.39
3,3,905.05,1,0,1,1,1,86.87
2,7,1047.0,0,1,1,0,1,62.16
1,2,1091.52,0,0,0,2,1,66.22
1,6,558.97,0,1,1,2,1,95.72
1,6,1119.47,0,1,1,1,1,79.38
0,2,573.02,0,1,0,1,1,59.73
0,4,1109.07,0,1,0,2,1,86.08
1,6,849.33,0,0,1,3,0,53.78
2,6,799.96,1,1,1,1,1,88.96
3,5,777.46,1,1,0,1,0,49.92
2,2,984.38,0,1,0,2,0,55.83
2,4,888.96,0,1,0,0,1,70.1
1,6,847.09,0,1,1,2,0,58.08
3,7,579.13,0,1,1,2,0,64.9
2,4,768.52,1,0,0,0,1,65.63
1,5,862.96,0,1,1,0,0,25.95
2,5,648.93,0,1,0,1,1,80.86
3,5,894.94,0,1,1,0,1,70.22
2,5,961.45,1,1,0,0,0,47.2
3,6,877.3,1,1,0,2,1,89.48
2,1,834.1,0,1,0,0,1,47.33
1,5,680.21,0,1,0,0,1,54.66
3,6,785.44,1,1,0,0,0,56.31
3,6,844.47,0,1,0,0,1,49.72
0,5,715.93,0,1,1,1,1,71.52
3,1,741.72,0,0,0,3,0,59.66
1,6,1056.3,0,1,0,2,1,71.86
2,2,775.24,1,0,0,1,1,70.12
3,6,681.24,0,1,1,1,0,42.78
3,7,944.98,1,1,1,1,1,88.91
2,4,1128.0,0,1,1,1,1,71.1
2,6,809.14,0,1,0,1,1,63.43
2,7,847.06,1,1,0,1,0,71.22
2,2,924.05,1,0,0,0,1,73.9
0,4,638.7,0,0,1,1,1,66.95
3,3,677.62,1,1,0,2,0,77.57
1,6,789.43,0,1,1,0,1,76.58
1,6,1113.17,0,1,0,2,0,44.6
2,2,745.55,0,0,1,0,1,45.13
3,4,485.29,1,0,0,1,0,49.33
2,6,968.84,0,1,1,1,1,84.81
1,6,866.08,1,1,0,1,1,86.26
3,10,496.23,0,1,0,1,0,50.23
1,8,666.17,0,1,1,2,1,81.94
2,5,503.2,1,1,0,2,1,99.63
1,2,845.99,0,1,0,0,1,63.03
2,6,756.78,1,0,0,0,0,35.76
2,4,693.64,1,1,0,1,1,90.67
3,6,1005.53,1,1,0,3,1,101.24
3,4,882.3,1,1,1,0,1,91.14
2,3,876.92,0,1,0,1,1,64.18
1,6,701.75,0,1,0,0,0,31.93
3,4,784.66,1,1,0,1,0,45.64
2,3,808.05,0,1,1,0,1,55.57
2,3,653.71,1,1,0,0,0,53.66
3,1,593.11,1,0,0,0,0,45.5
2,6,503.58,0,1,0,3,0,56.2
3,10,885.17,1,1,0,1,0,55.84
2,4,724.91,0,0,1,0,1,58.74
3,6,510.57,0,1,1,2,0,60.2
1,4,739.46,1,1,0,3,0,86.72
2,5,659.68,0,0,1,1,1,64.86
0,4,591.84,0,1,0,1,0,33.71
4,7,877.12,0,1,0,1,0,37.83
3,4,854.5,0,1,1,2,1,76.66
2,6,824.3,0,1,0,1,1,76.43
2,6,862.32,1,0,0,1,1,84.44
0,7,775.05,1,0,1,1,0,65.59
3,5,717.65,1,1,0,0,0,45.95
1,0,803.67,0,1,1,0,1,53.49
4,3,812.58,0,1,1,0,1,57.75
2,1,1010.53,1,0,0,2,0,62.59
2,6,657.46,0,0,0,3,1,80.11
4,4,813.22,0,1,1,0,1,59.14
2,4,749.95,0,1,0,2,0,52.36
1,7,867.51,0,1,0,1,1,72.26
3,4,603.76,0,0,1,0,1,48.31
2,4,780.69,1,1,0,2,1,101.73
1,7,889.51,0,1,1,2,1,85.14
4,6,956.65,1,0,1,1,1,78.8
3,3,767.03,0,1,1,0,1,74.05
3,6,844.71,1,1,1,1,1,90.3
1,5,1047.23,0,1,0,0,1,56.09
2,6,665.98,0,0,0,0,1,49.93
2,8,761.85,0,1,1,3,1,88.34
2,4,923.94,0,1,0,2,0,53.91
3,6,832.32,1,1,1,0,0,52.43
3,8,946.75,0,1,0,1,1,80.53
4,6,838.62,0,1,0,0,0,29.56
3,4,895.81,0,1,0,2,1,87.97
4,4,996.57,0,0,0,0,1,41.57
4,5,657.8,1,0,1,1,0,54.01
2,9,990.99,1,1,0,2,0,76.21
2,4,599.81,0,0,0,1,0,29.17
0,8,811.26,0,1,0,1,1,81.88
1,3,991.18,1,1,0,0,0,50.58
2,10,858.17,1,0,0,1,0,48.44
1,9,873.78,0,0,0,0,0,28.93
3,5,801.2,0,0,1,0,0,38.14
2,5,802.11,0,1,0,2,1,78.64
1,4,663.42,1,0,1,2,1,98.74
2,6,748.92,0,0,1,1,1,68.96
2,4,759.56,0,1,1,1,1,73.78
2,5,975.06,0,1,1,0,0,45.39
0,10,659.02,0,0,0,0,1,45.12
3,5,802.68,0,0,0,1,1,54.16
2,5,641.03,0,1,0,0,1,55.58
3,5,901.75,1,0,0,1,0,56.26
4,5,599.01,0,0,0,2,0,47.7
1,3,878.66,0,1,0,0,0,30.15
0,7,937.42,1,0,1,0,1,77.99
3,7,669.21,0,0,0,2,1,79.58
2,1,901.34,0,1,0,1,0,33.47
2,6,828.78,0,1,0,1,1,67.71
1,2,972.73,1,0,1,0,1,75.15
2,3,693.11,0,1,0,2,0,53.2
2,6,881.52,0,1,1,1,1,68.65
1,4,747.96,0,0,0,1,0,23.09
1,5,781.8,1,1,0,0,0,36.4
1,4,897.21,0,0,0,2,1,60.81
1,4,926.78,0,1,1,0,1,68.06
3,3,901.47,1,1,1,1,1,79.55
2,5,838.58,0,1,1,0,1,71.01
2,7,801.08,0,1,0,3,1,81.6
4,3,770.08,0,1,0,2,1,78.82
1,7,744.79,1,0,1,2,1,81.75
5,6,862.18,1,1,1,0,1,96.4
2,1,594.97,0,0,0,1,1,47.69
2,6,581.92,1,1,1,0,1,77.44
3,5,828.86,0,1,1,0,0,47.45
1,4,664.27,0,1,0,2,1,83.93
3,5,980.25,0,1,1,2,0,48.82
3,3,733.35,1,1,0,0,1,78.84
1,4,793.23,0,0,0,0,0,16.87
2,0,594.82,0,1,0,1,1,61.67
3,6,882.81,0,1,0,1,1,61.72
1,5,993.6,0,1,0,0,1,54.23
4,0,856.25,1,0,0,2,1,78.15
3,8,947.1,1,1,0,1,0,58.0
1,5,755.23,0,1,0,1,0,48.86
1,4,952.53,0,1,1,1,1,66.3
0,3,906.35,0,1,0,2,0,49.83
2,2,516.37,0,1,0,2,0,58.6
4,3,906.07,1,1,0,0,0,38.71
1,2,828.02,0,1,1,0,1,62.67
2,2,1000.18,0,1,1,2,1,91.78
3,1,940.05,0,1,1,2,0,64.93
3,3,802.81,0,0,0,2,1,59.72
3,0,1175.71,1,1,1,0,1,93.89
3,3,918.63,0,1,1,3,0,56.97
1,5,587.69,0,1,0,1,0,39.85
2,4,949.02,1,1,1,2,1,100.27
3,5,912.62,1,1,0,2,1,104.65
1,5,567.83,1,1,0,1,0,45.93
3,5,852.77,1,0,0,1,0,47.3
3,5,808.27,0,1,1,3,1,96.29
2,5,630.08,1,1,0,0,1,67.25
2,5,1113.18,0,1,1,3,0,66.37
3,5,785.79,1,1,1,0,1,76.33
1,2,854.04,1,1,1,0,0,42.74
1,5,667.43,0,1,0,1,1,71.95
0,7,478.33,0,1,1,0,1,55.45
2,5,701.43,1,1,1,0,0,40.51
2,5,1000.44,0,1,0,1,0,31.54
3,4,887.57,0,1,0,0,1,66.42
2,6,637.27,0,0,0,0,1,53.64
3,4,733.62,0,1,1,2,1,82.69
3,5,761.19,0,0,1,2,0,59.34
2,7,840.13,0,1,1,2,1,84.03
2,5,739.0,1,0,1,0,0,40.65
2,6,488.35,0,0,1,1,1,64.05
0,3,1024.82,0,1,1,1,1,67.75
2,6,965.2,0,1,0,1,1,82.32
0,5,968.65,1,1,1,3,1,120.84
3,6,838.25,0,1,1,0,1,71.89
1,3,610.17,0,1,0,1,1,58.47
3,7,532.29,0,1,1,0,0,37.47
1,6,984.05,1,0,1,1,0,62.42
3,4,873.78,0,1,1,0,0,33.11
2,4,777.78,0,1,0,2,1,75.02
2,6,705.26,1,1,0,2,1,88.8
3,3,647.53,0,1,1,3,0,58.2
2,3,952.8,0,1,1,2,1,94.51
1,6,622.23,1,1,0,0,1,75.15
1,7,970.66,0,1,1,3,1,88.54
0,6,918.08,0,1,0,0,0,24.93
1,1,808.88,1,0,0,2,1,89.82
2,4,755.45,0,0,1,2,0,58.68
2,8,626.27,0,1,0,3,0,58.86
2,5,563.0,0,0,0,1,1,55.36
0,6,817.24,1,1,0,2,1,100.79
1,6,896.96,0,1,1,1,1,78.16
3,7,874.27,0,1,0,0,1,70.92
2,6,1034.24,1,1,1,1,1,90.93
1,5,898.03,1,1,0,3,1,113.75
1,6,880.51,1,1,1,2,1,109.04
1,4,905.65,0,1,0,2,0,63.69
3,5,646.24,1,1,1,3,0,93.76
3,7,673.25,0,0,0,2,1,68.42
1,6,702.43,1,0,0,2,1,96.54
2,5,778.53,0,1,0,0,1,52.06
3,2,603.58,0,1,0,0,0,24.79
3,1,1077.31,0,1,1,1,1,71.71
0,5,868.31,1,0,0,0,0,29.99
2,9,746.65,0,1,1,2,1,90.6
0,6,925.72,0,1,0,0,0,38.43
2,9,674.48,1,1,1,2,1,99.99
2,6,905.64,1,1,0,0,1,70.78
0,5,999.06,0,1,0,1,1,80.9
3,4,854.33,0,1,0,3,1,86.92
2,5,813.5,0,1,0,1,1,65.85
3,4,505.88,0,0,1,3,0,68.52
2,4,761.86,0,1,1,0,0,40.28
2,2,767.74,1,1,0,3,0,79.04
2,1,752.08,1,1,0,1,0,60.32
2,7,1025.06,1,0,1,1,0,67.23
3,6,753.75,1,1,1,4,1,121.75
1,5,861.68,1,1,0,1,0,60.07
1,3,811.09,0,1,1,1,0,57.71
2,6,901.94,1,1,1,2,0,75.96
2,9,983.6,1,1,0,2,0,66.02
0,7,926.45,1,0,1,2,1,85.44
2,3,513.97,1,0,0,2,0,53.24
2,6,742.55,1,1,1,1,0,66.22
3,6,767.65,0,1,0,2,0,57.87
3,5,711.94,0,1,0,1,1,79.13
3,6,847.1,1,1,0,0,1,76.51
3,5,698.63,0,1,1,1,1,80.71
4,4,729.31,0,1,1,0,0,33.78
1,5,1023.66,0,1,0,1,1,79.64
1,3,802.89,1,1,0,1,1,84.54
1,8,841.62,1,1,0,2,0,66.65
2,5,879.25,0,0,1,0,0,30.11
2,5,367.73,0,0,0,0,0,9.7
2,3,457.71,0,1,0,2,0,50.42
3,4,1025.59,0,1,1,0,0,30.09
2,2,639.22,0,1,0,1,1,61.82
3,5,912.02,1,1,0,0,0,38.97
3,6,1112.99,0,1,1,0,0,49.29
0,10,1019.64,0,1,0,2,1,90.48
2,0,708.78,0,1,1,2,1,76.5
2,4,841.29,1,1,0,2,0,60.35
2,4,758.89,1,1,0,1,0,63.6
1,5,668.13,1,1,0,1,1,72.67
4,5,470.52,0,1,0,2,1,74.08
2,4,953.72,0,1,0,1,1,61.34
3,0,772.57,1,1,1,0,1,90.11
2,6,780.34,0,1,1,1,0,45.47
3,8,1024.32,0,1,0,2,1,83.9
1,4,1025.35,1,1,1,1,0,74.55
0,5,795.34,1,1,0,2,0,74.87
2,5,945.22,1,1,1,2,1,89.98
1,4,912.46,1,1,0,2,1,107.75
2,7,697.37,0,1,1,1,1,70.07
2,8,983.43,0,0,1,4,0,58.4
2,2,819.78,1,1,0,0,1,70.3
2,5,678.51,0,1,1,1,0,43.64
2,3,527.7,0,1,0,1,1,63.47
2,9,863.06,1,1,1,1,1,89.74
3,5,692.49,1,1,1,1,0,76.17
2,5,670.01,1,1,1,1,0,59.5
3,7,710.0,1,1,1,0,0,60.47
2,5,954.01,0,0,1,0,0,29.83
2,6,631.54,0,1,1,2,1,90.69
2,6,783.75,1,1,1,0,1,84.78
0,7,602.31,0,0,1,1,0,46.19
3,0,1060.11,0,1,1,1,1,72.43
2,2,762.18,1,1,0,2,1,86.79
3,8,824.74,1,1,1,1,0,75.33
3,4,615.35,0,1,0,2,1,80.13
2,6,996.64,0,0,0,0,1,54.66
2,3,903.62,1,1,1,0,1,87.57
2,5,686.9,1,1,0,2,1,103.49
2,4,976.34,0,0,0,1,1,52.74
2,7,729.12,0,1,0,0,1,72.32
3,3,829.61,0,1,0,1,1,62.71
1,8,909.63,1,1,1,1,1,94.2
2,8,748.83,0,0,0,2,0,36.37
2,2,1025.77,0,1,1,2,0,52.62
4,7,1049.08,1,1,0,0,1,87.88
2,7,818.59,1,0,0,0,1,59.84
1,7,998.02,1,1,0,2,1,89.89
0,5,787.6,0,1,0,2,1,72.75
3,4,671.4,0,1,1,0,0,34.6
2,4,925.83,0,1,0,2,0,52.4
2,4,721.09,0,1,0,1,0,52.77
3,5,621.65,0,1,0,1,1,75.96
3,5,904.32,0,1,1,1,0,59.4
2,3,734.66,0,1,0,1,1,57.17
1,5,652.64,1,1,1,1,1,86.56
3,4,944.11,1,1,0,1,1,99.19
1,6,678.34,0,0,1,0,1,67.94
2,7,666.42,0,1,1,0,0,36.71
1,4,602.24,1,1,0,1,1,79.65
3,4,872.51,0,1,1,0,1,54.73
2,6,816.3,0,1,1,1,0,58.33
3,0,991.31,0,1,0,1,1,72.39
2,5,847.97,0,1,0,0,0,39.13
2,4,660.94,1,0,0,0,1,62.77
1,1,814.75,0,1,1,0,1,72.12
1,6,835.43,0,0,0,0,1,59.36
